entry_date,exit_date,direction,holding_days,trade_return,signal_date,signal_value,signal_confidence,signal_direction,contemp_corr,leading_corr,correlation_regime,signal_quality,actual_beat_consensus,actual_surprise,actual_surprise_direction,prediction_error,signal_correct,trade_direction_correct,outcome,benchmark_return,alpha_contribution
2018-07-06,2018-08-15,1.0,28,-0.030575816620934115,2018-08-17,1.7603822535031413,0.0,1,,,unknown,low,true,0.12046739130434783,1,,true,false,direction_wrong_loss,0.023091900776898378,-0.05366771739783249
2018-08-16,2018-09-19,1.0,23,0.1095010227975397,2018-08-17,1.7603822535031413,0.0,1,,,unknown,low,true,0.12046739130434783,1,,true,true,direction_right_profit,0.02520620031549914,0.08429482248204057
2018-09-20,2018-10-10,1.0,14,-0.038547089694893955,2018-11-21,-4.645333855224024e-15,0.0,-1,,,unknown,low,true,0.09614668218859139,1,,false,false,direction_wrong_loss,-0.047756196784001004,0.00920910708910705
2018-10-10,2018-10-11,-1.0,1,0.006713702961404722,2018-11-21,-4.645333855224024e-15,0.0,-1,,,unknown,low,true,0.09614668218859139,1,,false,true,direction_right_profit,-0.02202623505610979,0.02873993801751451
2018-10-12,2018-10-24,-1.0,8,0.09789785709281806,2018-11-21,-4.645333855224024e-15,0.0,-1,,,unknown,low,true,0.09614668218859139,1,,false,true,direction_right_profit,-0.038521077577167495,0.13641893466998556
2018-10-25,2018-11-02,-1.0,6,-0.03611662443089281,2018-11-21,-4.645333855224024e-15,0.0,-1,,,unknown,low,true,0.09614668218859139,1,,false,false,direction_wrong_loss,0.006701986306373087,-0.042818610737265894
2018-11-05,2018-11-13,-1.0,6,-0.03210651916201068,2018-11-21,-4.645333855224024e-15,0.0,-1,,,unknown,low,true,0.09614668218859139,1,,false,false,direction_wrong_loss,-0.00486494297807416,-0.027241576183936522
2018-11-14,2018-11-30,-1.0,11,-0.05203062089999477,2018-11-21,-4.645333855224024e-15,0.0,-1,,,unknown,low,true,0.09614668218859139,1,,false,false,direction_wrong_loss,0.020170102679313073,-0.07220072357930785
2018-12-03,2018-12-10,-1.0,4,0.09358257316314555,2019-02-15,4.6409112726444744e-15,0.0,1,0.9999999999999999,,strong_positive,medium,true,0.15704347826086956,1,0.1570434782608695,true,true,direction_right_profit,-0.05452908248487309,0.14811165564801865
2018-12-11,2019-01-03,-1.0,15,0.014965513549039855,2019-02-15,4.6409112726444744e-15,0.0,1,0.9999999999999999,,strong_positive,medium,true,0.15704347826086956,1,0.1570434782608695,true,true,direction_right_profit,-0.07001824436333681,0.08498375791237667
2019-01-03,2019-01-07,1.0,2,0.07018397327739412,2019-02-15,4.6409112726444744e-15,0.0,1,0.9999999999999999,,strong_positive,medium,true,0.15704347826086956,1,0.1570434782608695,true,true,direction_right_profit,0.04164441982518552,0.0285395534522086
2019-01-08,2019-04-04,1.0,60,0.05169830258454944,2019-02-15,4.6409112726444744e-15,0.0,1,0.9999999999999999,,strong_positive,medium,true,0.15704347826086956,1,0.1570434782608695,true,true,direction_right_profit,0.12335918358635478,-0.07166088100180534
2019-04-04,2019-05-13,-1.0,26,0.1093522615627629,2019-05-17,-1.3922718866631368e-10,0.0,-1,0.9815340892500548,0.9999999999999999,strong_positive,medium,true,0.1098238747553816,1,0.10982387475491752,false,true,direction_right_profit,-0.02200724657544073,0.13135950813820363
2019-05-14,2019-06-17,-1.0,23,-0.049350810051982164,2019-05-17,-1.3922718866631368e-10,0.0,-1,0.9815340892500548,0.9999999999999999,strong_positive,medium,true,0.1098238747553816,1,0.10982387475491752,false,false,direction_wrong_loss,0.02106610255465724,-0.0704169126066394
2019-06-18,2019-06-24,-1.0,4,-0.04705757156539314,2019-08-16,-0.5884184240530863,0.7435897435897436,-1,0.9765557405096268,0.5000000000002672,strong_positive,high,true,0.07913978494623657,1,0.0789601934823105,false,false,direction_wrong_loss,0.00912511398304483,-0.05618268554843797
2019-06-25,2019-08-05,-1.0,28,0.08752196538428103,2019-08-16,-0.5884184240530863,0.7435897435897436,-1,0.9765557405096268,0.5000000000002672,strong_positive,high,true,0.07913978494623657,1,0.0789601934823105,false,true,direction_right_profit,-0.0238686696465068,0.11139063503078783
2019-08-06,2019-09-10,-1.0,24,-0.07370084115994291,2019-08-16,-0.5884184240530863,0.7435897435897436,-1,0.9765557405096268,0.5000000000002672,strong_positive,high,true,0.07913978494623657,1,0.0789601934823105,false,false,direction_wrong_loss,0.035893272860321845,-0.10959411402026475
2019-09-11,2019-10-11,-1.0,22,-0.03986894431752974,2019-11-27,0.0004907723545181354,0.0,-1,-0.33333333349929944,0.33333333326802295,regime_shift,medium,true,0.16560659599528857,1,0.16557167844100001,false,false,direction_wrong_loss,-0.008665590639052478,-0.031203353678477264
2019-10-14,2019-10-16,-1.0,2,-0.01260851145689701,2019-11-27,0.0004907723545181354,0.0,-1,-0.33333333349929944,0.33333333326802295,regime_shift,medium,true,0.16560659599528857,1,0.16557167844100001,false,false,direction_wrong_loss,0.008278289669122918,-0.020886801126019927
2019-10-16,2019-11-04,1.0,13,0.04700127642512242,2019-11-27,0.0004907723545181354,0.0,-1,-0.33333333349929944,0.33333333326802295,regime_shift,medium,true,0.16560659599528857,1,0.16557167844100001,false,true,direction_right_profit,0.030060102035174285,0.016941174389948133
2019-11-05,2019-11-20,1.0,11,-0.038285012956351894,2019-11-27,0.0004907723545181354,0.0,-1,-0.33333333349929944,0.33333333326802295,regime_shift,medium,true,0.16560659599528857,1,0.16557167844100001,false,false,direction_wrong_loss,0.012180996986333792,-0.050466009942685686
2019-11-21,2019-11-27,1.0,4,-0.039595574612249274,2019-11-27,0.0004907723545181354,0.0,-1,-0.33333333349929944,0.33333333326802295,regime_shift,medium,true,0.16560659599528857,1,0.16557167844100001,false,false,direction_wrong_loss,0.016791899228326468,-0.05638747384057574
2019-11-29,2020-01-08,1.0,26,0.051256591491124714,2020-02-21,-0.2548030895320832,0.5769243857780754,1,-0.33296226466547185,-0.3333340895606658,regime_shift,medium,true,0.23080645161290322,1,0.25896379077782294,true,true,direction_right_profit,0.03733643733848169,0.013920154152643027
2020-01-08,2020-01-30,-1.0,15,0.08408178396924793,2020-02-21,-0.2548030895320832,0.5769243857780754,1,-0.33296226466547185,-0.3333340895606658,regime_shift,medium,true,0.23080645161290322,1,0.25896379077782294,true,true,direction_right_profit,0.009955153719451326,0.0741266302497966
2020-01-31,2020-02-05,-1.0,3,-0.06160899524198471,2020-02-21,-0.2548030895320832,0.5769243857780754,1,-0.33296226466547185,-0.3333340895606658,regime_shift,medium,true,0.23080645161290322,1,0.25896379077782294,true,false,direction_wrong_loss,0.034594333856241555,-0.09620332909822626
2020-02-06,2020-02-21,-1.0,10,-0.05075204162587532,2020-02-21,-0.2548030895320832,0.5769243857780754,1,-0.33296226466547185,-0.3333340895606658,regime_shift,medium,true,0.23080645161290322,1,0.25896379077782294,true,false,direction_wrong_loss,-0.0014970259907962635,-0.04925501563507906
2020-02-24,2020-02-28,-1.0,4,0.0894916175778051,2020-05-22,-0.001634518657231098,0.0,-1,0.10555801906941789,-0.33436425012344867,weak_negative,medium,true,0.08475967174677608,1,0.08488584004676744,false,true,direction_right_profit,-0.08113612933126735,0.17062774690907245
2020-03-02,2020-03-09,-1.0,5,0.08491936991798021,2020-05-22,-0.001634518657231098,0.0,-1,0.10555801906941789,-0.33436425012344867,weak_negative,medium,true,0.08475967174677608,1,0.08488584004676744,false,true,direction_right_profit,-0.1127826799385595,0.19770204985653972
2020-03-10,2020-03-12,-1.0,2,0.15872003591681405,2020-05-22,-0.001634518657231098,0.0,-1,0.10555801906941789,-0.33436425012344867,weak_negative,medium,true,0.08475967174677608,1,0.08488584004676744,false,true,direction_right_profit,-0.13976129790166902,0.2984813338184831
2020-03-13,2020-03-16,-1.0,1,0.13608206689031954,2020-05-22,-0.001634518657231098,0.0,-1,0.10555801906941789,-0.33436425012344867,weak_negative,medium,true,0.08475967174677608,1,0.08488584004676744,false,true,direction_right_profit,-0.10942334258050579,0.24550540947082533
2020-03-17,2020-03-18,-1.0,1,0.09865033562641279,2020-05-22,-0.001634518657231098,0.0,-1,0.10555801906941789,-0.33436425012344867,weak_negative,medium,true,0.08475967174677608,1,0.08488584004676744,false,true,direction_right_profit,-0.05063288387787712,0.1492832195042899
2020-03-19,2020-03-23,-1.0,2,0.07111829546260895,2020-05-22,-0.001634518657231098,0.0,-1,0.10555801906941789,-0.33436425012344867,weak_negative,medium,true,0.08475967174677608,1,0.08488584004676744,false,true,direction_right_profit,-0.06756057400213611,0.13867886946474506
2020-03-24,2020-03-25,-1.0,1,-0.01976164867011354,2020-05-22,-0.001634518657231098,0.0,-1,0.10555801906941789,-0.33436425012344867,weak_negative,medium,true,0.08475967174677608,1,0.08488584004676744,false,false,direction_wrong_loss,0.014970193394188147,-0.03473184206430169
2020-03-26,2020-04-07,-1.0,8,-0.03262582619626264,2020-05-22,-0.001634518657231098,0.0,-1,0.10555801906941789,-0.33436425012344867,weak_negative,medium,true,0.08475967174677608,1,0.08488584004676744,false,false,direction_wrong_loss,0.015045864466042724,-0.047671690662305366
2020-04-08,2020-04-09,-1.0,1,0.006950003013834305,2020-05-22,-0.001634518657231098,0.0,-1,0.10555801906941789,-0.33436425012344867,weak_negative,medium,true,0.08475967174677608,1,0.08488584004676744,false,true,direction_right_profit,0.015217977017660145,-0.00826797400382584
2020-07-10,2020-07-16,1.0,4,0.09007500644173705,2020-08-21,0.0017512349118298234,0.0,-1,-0.027202459337160437,-0.5047198336198534,strong_negative,medium,true,0.3794435857805255,1,0.3793470315944405,false,true,direction_right_profit,0.010075881001269327,0.07999912544046772
2020-07-17,2020-08-11,1.0,17,0.09466873853078539,2020-08-21,0.0017512349118298234,0.0,-1,-0.027202459337160437,-0.5047198336198534,strong_negative,medium,true,0.3794435857805255,1,0.3793470315944405,false,true,direction_right_profit,0.03443971515521227,0.06022902337557312
2020-08-12,2020-08-26,1.0,10,0.09723899705608585,2020-08-21,0.0017512349118298234,0.0,-1,-0.027202459337160437,-0.5047198336198534,strong_negative,medium,true,0.3794435857805255,1,0.3793470315944405,false,true,direction_right_profit,0.030019891804914378,0.06721910525117147
2020-08-27,2020-10-05,1.0,26,0.08535494257506482,2020-11-25,-0.0020325033560267556,0.0,-1,0.8959791529512079,-0.8347374982489644,strong_negative,medium,true,0.344060773480663,1,0.34391444061457827,false,true,direction_right_profit,-0.02069867784838908,0.1060536204234539
2020-10-06,2020-11-06,1.0,23,0.09517100371532372,2020-11-25,-0.0020325033560267556,0.0,-1,0.8959791529512079,-0.8347374982489644,strong_negative,medium,true,0.344060773480663,1,0.34391444061457827,false,true,direction_right_profit,0.04547227028750167,0.04969873342782205
2020-11-09,2021-01-04,1.0,37,0.07851042305984057,2020-11-25,-0.0020325033560267556,0.0,-1,0.8959791529512079,-0.8347374982489644,strong_negative,medium,true,0.344060773480663,1,0.34391444061457827,false,true,direction_right_profit,0.04456788453252658,0.03394253852731399
2021-01-05,2021-01-12,1.0,5,0.10139271002141936,2021-02-19,-0.04427828162670443,0.3846153846153846,-1,0.038930543848184694,-0.5664889181501913,strong_negative,medium,true,0.2906515580736544,1,0.29769073378945254,false,true,direction_right_profit,0.02003592263242937,0.08135678738898999
2021-01-13,2021-01-27,1.0,9,-0.06802336257476271,2021-02-19,-0.04427828162670443,0.3846153846153846,-1,0.038930543848184694,-0.5664889181501913,strong_negative,medium,true,0.2906515580736544,1,0.29769073378945254,false,false,direction_wrong_loss,-0.014165955859636647,-0.053857406715126066
2021-01-28,2021-02-19,1.0,15,0.12643387780558468,2021-02-19,-0.04427828162670443,0.3846153846153846,-1,0.038930543848184694,-0.5664889181501913,strong_negative,medium,true,0.2906515580736544,1,0.29769073378945254,false,true,direction_right_profit,0.03283618760132234,0.09359769020426234
2021-02-22,2021-03-15,1.0,15,0.10921164196578204,2021-05-21,0.05251152682990252,0.41025641025641024,1,0.9828457929613639,-0.4360067043708027,weak_negative,medium,true,0.16954413191076625,1,0.18240949886283422,true,true,direction_right_profit,0.02423577517888198,0.08497586678690006
2021-03-16,2021-03-25,1.0,7,-0.017991072880794712,2021-05-21,0.05251152682990252,0.41025641025641024,1,0.9828457929613639,-0.4360067043708027,weak_negative,medium,true,0.16954413191076625,1,0.18240949886283422,true,false,direction_wrong_loss,-0.012461524029913407,-0.005529548850881305
2021-03-26,2021-04-09,1.0,9,0.015134333451457538,2021-05-21,0.05251152682990252,0.41025641025641024,1,0.9828457929613639,-0.4360067043708027,weak_negative,medium,true,0.16954413191076625,1,0.18240949886283422,true,true,direction_right_profit,0.0391683059073229,-0.02403397245586536
2021-04-09,2021-05-19,-1.0,28,0.04928382815668331,2021-05-21,0.05251152682990252,0.41025641025641024,1,0.9828457929613639,-0.4360067043708027,weak_negative,medium,true,0.16954413191076625,1,0.18240949886283422,true,true,direction_right_profit,-0.0015308910241892404,0.05081471918087255
2021-05-20,2021-08-10,-1.0,56,-0.06297867988319128,2021-05-21,0.05251152682990252,0.41025641025641024,1,0.9828457929613639,-0.4360067043708027,weak_negative,medium,true,0.16954413191076625,1,0.18240949886283422,true,false,direction_wrong_loss,0.0694671660186228,-0.13244584590181407
2021-08-11,2021-08-20,-1.0,7,0.08974822858710585,2021-08-20,0.017160431723954508,0.0,-1,-0.6512694442794827,0.9597076756133913,regime_shift,medium,true,0.14696517412935323,1,0.17012015885967544,false,true,direction_right_profit,-0.0009464684693968328,0.09069469705650268
2021-08-23,2021-08-26,-1.0,3,-0.04688530041257266,2021-11-24,0.11588702093107733,0.5384615384615384,-1,-0.0006684957802825953,0.9511698686358798,strong_positive,high,true,0.052695167286245355,1,0.23552460220779695,false,false,direction_wrong_loss,-0.002235855323044378,-0.044649445089528284
2021-08-27,2021-09-20,-1.0,15,0.10477200174200363,2021-11-24,0.11588702093107733,0.5384615384615384,-1,-0.0006684957802825953,0.9511698686358798,strong_positive,high,true,0.052695167286245355,1,0.23552460220779695,false,true,direction_right_profit,-0.03291396119119694,0.13768596293320057
2021-09-21,2021-09-27,-1.0,4,-0.04591205646470353,2021-11-24,0.11588702093107733,0.5384615384615384,-1,-0.0006684957802825953,0.9511698686358798,strong_positive,high,true,0.052695167286245355,1,0.23552460220779695,false,false,direction_wrong_loss,0.020778063227221866,-0.0666901196919254
2021-09-28,2021-10-13,-1.0,11,0.06769847953327768,2021-11-24,0.11588702093107733,0.5384615384615384,-1,-0.0006684957802825953,0.9511698686358798,strong_positive,high,true,0.052695167286245355,1,0.23552460220779695,false,true,direction_right_profit,0.0033661098708592796,0.0643323696624184
2022-01-06,2022-01-24,1.0,11,-0.032760833825908,2022-02-18,0.012423022072414348,0.0,-1,-0.007455968187543676,0.9468568609580846,strong_positive,medium,true,0.18281829419035847,1,0.20003592877409998,false,false,direction_wrong_loss,-0.060050406037141624,0.027289572211233626
2022-01-25,2022-02-23,1.0,20,-0.08337418643415728,2022-02-18,0.012423022072414348,0.0,-1,-0.007455968187543676,0.9468568609580846,strong_positive,medium,true,0.18281829419035847,1,0.20003592877409998,false,false,direction_wrong_loss,-0.028816535383137554,-0.05455765105101973
2022-02-24,2022-03-02,1.0,4,0.09691913927272622,2022-05-20,0.03828757532233303,0.0,-1,-0.055579923461372874,0.060867534703831036,weak_positive,low,false,-0.00962962962962963,-1,0.032482519437688775,true,true,direction_right_profit,0.022390804621944094,0.07452833465078212
2022-03-03,2022-03-10,1.0,5,-0.009896915182361354,2022-05-20,0.03828757532233303,0.0,-1,-0.055579923461372874,0.060867534703831036,weak_positive,low,false,-0.00962962962962963,-1,0.032482519437688775,true,false,direction_wrong_loss,-0.02347877860829628,0.013581863425934926
2022-03-11,2022-03-22,1.0,7,0.09774582746300609,2022-05-20,0.03828757532233303,0.0,-1,-0.055579923461372874,0.060867534703831036,weak_positive,low,false,-0.00962962962962963,-1,0.032482519437688775,true,true,direction_right_profit,0.07359920248470875,0.024146624978297337
2022-03-23,2022-03-29,1.0,4,-0.043103197905020374,2022-05-20,0.03828757532233303,0.0,-1,-0.055579923461372874,0.060867534703831036,weak_positive,low,false,-0.00962962962962963,-1,0.032482519437688775,true,false,direction_wrong_loss,0.03999547783814572,-0.0830986757431661
2022-03-30,2022-04-25,1.0,17,-0.07228965602894166,2022-05-20,0.03828757532233303,0.0,-1,-0.055579923461372874,0.060867534703831036,weak_positive,low,false,-0.00962962962962963,-1,0.032482519437688775,true,false,direction_wrong_loss,-0.06581650911962877,-0.006473146909312888
2022-04-26,2022-05-09,1.0,9,-0.04515835884480646,2022-05-20,0.03828757532233303,0.0,-1,-0.055579923461372874,0.060867534703831036,weak_positive,low,false,-0.00962962962962963,-1,0.032482519437688775,true,false,direction_wrong_loss,-0.04309062664106866,-0.002067732203737793
2022-05-10,2022-05-20,1.0,8,-0.1410278797524227,2022-05-20,0.03828757532233303,0.0,-1,-0.055579923461372874,0.060867534703831036,weak_positive,low,false,-0.00962962962962963,-1,0.032482519437688775,true,false,direction_wrong_loss,-0.02370376554862008,-0.11732411420380262
2022-05-23,2022-06-16,1.0,17,-0.05304760804150499,2022-08-19,-0.014426958361533437,0.0,1,-0.0024004204055771746,-0.28425351398573473,weak_negative,low,true,0.09233152594887684,1,0.07854291625418873,true,false,direction_wrong_loss,-0.07626234593160586,0.023214737890100867
2022-06-17,2022-06-23,1.0,3,-0.0781171800519117,2022-08-19,-0.014426958361533437,0.0,1,-0.0024004204055771746,-0.28425351398573473,weak_negative,low,true,0.09233152594887684,1,0.07854291625418873,true,false,direction_wrong_loss,0.03334607493021813,-0.11146325498212983
2022-06-24,2022-07-05,1.0,6,-0.056834857814134,2022-08-19,-0.014426958361533437,0.0,1,-0.0024004204055771746,-0.28425351398573473,weak_negative,low,true,0.09233152594887684,1,0.07854291625418873,true,false,direction_wrong_loss,-0.020816397568967027,-0.03601846024516697
2022-07-06,2022-07-08,1.0,2,0.05360729714798329,2022-08-19,-0.014426958361533437,0.0,1,-0.0024004204055771746,-0.28425351398573473,weak_negative,low,true,0.09233152594887684,1,0.07854291625418873,true,true,direction_right_profit,0.014142240618632673,0.03946505652935062
2022-07-08,2022-07-22,-1.0,10,-0.025013171880187812,2022-08-19,-0.014426958361533437,0.0,1,-0.0024004204055771746,-0.28425351398573473,weak_negative,low,true,0.09233152594887684,1,0.07854291625418873,true,false,direction_wrong_loss,0.016518027816228242,-0.041531199696416055
2022-07-25,2022-07-29,-1.0,4,-0.06260840323271277,2022-08-19,-0.014426958361533437,0.0,1,-0.0024004204055771746,-0.28425351398573473,weak_negative,low,true,0.09233152594887684,1,0.07854291625418873,true,false,direction_wrong_loss,0.041509644144529956,-0.10411804737724273
2022-08-01,2022-08-10,-1.0,7,-0.0418995558501849,2022-08-19,-0.014426958361533437,0.0,1,-0.0024004204055771746,-0.28425351398573473,weak_negative,low,true,0.09233152594887684,1,0.07854291625418873,true,false,direction_wrong_loss,0.022445634581813367,-0.06434519043199827
2022-08-11,2022-08-23,-1.0,8,-0.03580904086054226,2022-08-19,-0.014426958361533437,0.0,1,-0.0024004204055771746,-0.28425351398573473,weak_negative,low,true,0.09233152594887684,1,0.07854291625418873,true,false,direction_wrong_loss,-0.018190805937591814,-0.01761823492295045
2022-08-24,2022-09-23,-1.0,21,0.12365627100675158,2022-11-23,0.014756136497687877,0.0,1,0.3113610617370853,-0.7265338049122922,strong_negative,medium,true,0.15166790214974055,1,0.160127542990177,true,true,direction_right_profit,-0.10686885090945519,0.23052512191620678
2022-09-26,2022-10-03,-1.0,5,-0.03894060837093316,2022-11-23,0.014756136497687877,0.0,1,0.3113610617370853,-0.7265338049122922,strong_negative,medium,true,0.15166790214974055,1,0.160127542990177,true,false,direction_wrong_loss,0.006313309495737052,-0.04525391786667021
2022-10-04,2022-10-12,-1.0,6,-0.0025533365303924693,2022-11-23,0.014756136497687877,0.0,1,0.3113610617370853,-0.7265338049122922,strong_negative,medium,true,0.15166790214974055,1,0.160127542990177,true,false,direction_wrong_loss,-0.056644666007378164,0.054091329476985694
2022-10-12,2022-10-21,1.0,7,0.06049140653493512,2022-11-23,0.014756136497687877,0.0,1,0.3113610617370853,-0.7265338049122922,strong_negative,medium,true,0.15166790214974055,1,0.160127542990177,true,true,direction_right_profit,0.049725063518265555,0.010766343016669566
2022-10-24,2022-11-23,1.0,22,0.13379466325187472,2022-11-23,0.014756136497687877,0.0,1,0.3113610617370853,-0.7265338049122922,strong_negative,medium,true,0.15166790214974055,1,0.160127542990177,true,true,direction_right_profit,0.062158462815399496,0.07163620043647523
2022-11-25,2023-01-05,1.0,27,-0.05794249160629594,2023-02-17,-0.053669667458321954,0.4358974358974359,1,-0.5392387448078324,-0.66497526775066,regime_shift,medium,true,0.10788091068301225,1,0.011118828928165417,true,false,direction_wrong_loss,-0.052712643922351865,-0.005229847683944078
2023-01-06,2023-03-15,-1.0,46,0.08439026628942115,2023-02-17,-0.053669667458321954,0.4358974358974359,1,-0.5392387448078324,-0.66497526775066,regime_shift,medium,true,0.10788091068301225,1,0.011118828928165417,true,true,direction_right_profit,0.003092351451006614,0.08129791483841453
2023-03-16,2023-03-31,-1.0,11,-0.05896486414968938,2023-05-19,-0.10993340624036234,0.48472807209453583,1,-0.9818409863767831,0.3979872591934084,regime_shift,medium,true,0.1763870094722598,1,0.08395942217371548,true,false,direction_wrong_loss,0.03747056476145194,-0.09643542891114132
2023-04-03,2023-04-05,-1.0,2,0.09920719165580782,2023-05-19,-0.10993340624036234,0.48472807209453583,1,-0.9818409863767831,0.3979872591934084,regime_shift,medium,true,0.1763870094722598,1,0.08395942217371548,true,true,direction_right_profit,-0.008151880922386834,0.10735907257819466
2023-04-06,2023-05-25,1.0,34,-0.03995691226663245,2023-05-19,-0.10993340624036234,0.48472807209453583,1,-0.9818409863767831,0.3979872591934084,regime_shift,medium,true,0.1763870094722598,1,0.08395942217371548,true,false,direction_wrong_loss,0.013343161621939714,-0.053300073888572164
2023-05-26,2023-06-13,1.0,11,0.11486235706351433,2023-08-18,-0.03644393068124507,0.3242589077112719,1,-0.975758713691459,-0.3891106892535263,regime_shift,medium,true,0.1135306553911205,1,0.10220661362119378,true,true,direction_right_profit,0.03961712857120703,0.0752452284923073
2023-06-14,2023-07-07,1.0,15,0.018754873978367614,2023-08-18,-0.03644393068124507,0.3242589077112719,1,-0.975758713691459,-0.3891106892535263,regime_shift,medium,true,0.1135306553911205,1,0.10220661362119378,true,true,direction_right_profit,0.006860000914406417,0.011894873063961198
2024-04-04,2024-05-29,-1.0,38,0.10348544332746423,2024-05-16,-0.03160826327314998,0.3076923076923077,1,-0.6503548504849442,0.19788435897204168,weak_positive,medium,true,0.15329295987887964,1,0.15501012684431123,true,true,direction_right_profit,0.025396011572238475,0.07808943175522576
2024-05-30,2024-07-17,-1.0,32,-0.04964948012305137,2024-08-15,-0.40825508426177465,0.717948717948718,1,-0.4030638350022678,0.04585151301974913,weak_positive,medium,true,0.19563636363636364,1,0.24885321396349058,true,false,direction_wrong_loss,0.06912755889579358,-0.11877703901884495
2024-07-18,2024-08-05,-1.0,12,0.0940521912154565,2024-08-15,-0.40825508426177465,0.717948717948718,1,-0.4030638350022678,0.04585151301974913,weak_positive,medium,true,0.19563636363636364,1,0.24885321396349058,true,true,direction_right_profit,-0.06383672599118184,0.15788891720663834
2024-08-06,2024-08-15,-1.0,7,-0.07859898618496697,2024-08-15,-0.40825508426177465,0.717948717948718,1,-0.4030638350022678,0.04585151301974913,weak_positive,medium,true,0.19563636363636364,1,0.24885321396349058,true,false,direction_wrong_loss,0.05921648548029279,-0.13781547166525976
2024-08-16,2024-09-04,-1.0,12,-0.03712431291547791,2024-11-21,-0.216593395856845,0.6666666666666666,-1,0.9882201902111997,-0.6160021041179273,regime_shift,high,true,0.18932764140875133,1,0.169284028789781,false,false,direction_wrong_loss,-0.006061596802399261,-0.031062716113078648
2024-09-05,2024-09-18,-1.0,9,-0.04529697208531758,2024-11-21,-0.216593395856845,0.6666666666666666,-1,0.9882201902111997,-0.6160021041179273,regime_shift,high,true,0.18932764140875133,1,0.169284028789781,false,false,direction_wrong_loss,0.02145180205653685,-0.06674877414185443
2024-09-19,2024-11-21,-1.0,45,-0.07164266854681411,2024-11-21,-0.216593395856845,0.6666666666666666,-1,0.9882201902111997,-0.6160021041179273,regime_shift,high,true,0.18932764140875133,1,0.169284028789781,false,false,direction_wrong_loss,0.04292796064594073,-0.11457062919275485
2024-11-22,2024-11-25,-1.0,1,-0.03591178024891373,2025-02-13,0.11261397120994703,0.5128205128205128,1,0.5738453607736723,-0.8716299343222881,strong_negative,high,true,0.09216944801026958,1,0.10347229997765509,true,false,direction_wrong_loss,0.003392069412048837,-0.039303849660962564
2024-11-26,2024-12-30,-1.0,22,0.07895187946233928,2025-02-13,0.11261397120994703,0.5128205128205128,1,0.5738453607736723,-0.8716299343222881,strong_negative,high,true,0.09216944801026958,1,0.10347229997765509,true,true,direction_right_profit,-0.01739834307094379,0.09635022253328307
2024-12-30,2025-01-07,1.0,5,-0.023048686802279672,2025-02-13,0.11261397120994703,0.5128205128205128,1,0.5738453607736723,-0.8716299343222881,strong_negative,high,true,0.09216944801026958,1,0.10347229997765509,true,false,direction_wrong_loss,0.0006971786154605919,-0.023745865417740264
2025-01-08,2025-01-17,1.0,6,0.11082929171574474,2025-02-13,0.11261397120994703,0.5128205128205128,1,0.5738453607736723,-0.8716299343222881,strong_negative,high,true,0.09216944801026958,1,0.10347229997765509,true,true,direction_right_profit,0.013723715321320107,0.09710557639442463
2025-01-21,2025-02-19,1.0,20,0.09957889152965294,2025-02-13,0.11261397120994703,0.5128205128205128,1,0.5738453607736723,-0.8716299343222881,strong_negative,high,true,0.09216944801026958,1,0.10347229997765509,true,true,direction_right_profit,0.01638358375086657,0.08319530777878636
2025-02-20,2025-03-03,1.0,7,-0.06042894051591485,2025-05-15,-0.1778316345076144,0.5448126694238922,1,-0.371495817562874,-0.38632171104603263,regime_shift,medium,,,0,,false,false,no_signal,-0.04359580235182903,-0.016833138164085826
2025-03-04,2025-03-10,1.0,4,0.0663204360470373,2025-05-15,-0.1778316345076144,0.5448126694238922,1,-0.371495817562874,-0.38632171104603263,regime_shift,medium,,,0,,false,true,no_signal,-0.028221582358604613,0.09454201840564191
2025-03-11,2025-04-03,1.0,17,-0.055702919152424424,2025-05-15,-0.1778316345076144,0.5448126694238922,1,-0.371495817562874,-0.38632171104603263,regime_shift,medium,,,0,,false,false,no_signal,-0.031668850140528004,-0.02403406901189642
2025-04-04,2025-04-08,1.0,2,-0.03924534672337021,2025-05-15,-0.1778316345076144,0.5448126694238922,1,-0.371495817562874,-0.38632171104603263,regime_shift,medium,,,0,,false,false,no_signal,-0.017416095911379492,-0.02182925081199072
2025-04-09,2025-04-10,1.0,1,-0.018559839296319325,2025-05-15,-0.1778316345076144,0.5448126694238922,1,-0.371495817562874,-0.38632171104603263,regime_shift,medium,,,0,,false,false,no_signal,-0.04381916391528795,0.025259324618968626
2025-04-11,2025-04-21,1.0,5,-0.038268096839839894,2025-05-15,-0.1778316345076144,0.5448126694238922,1,-0.371495817562874,-0.38632171104603263,regime_shift,medium,,,0,,false,false,no_signal,-0.037569594623031666,-0.0006985022168082278
2025-04-22,2025-05-12,1.0,14,0.09008928928000448,2025-05-15,-0.1778316345076144,0.5448126694238922,1,-0.371495817562874,-0.38632171104603263,regime_shift,medium,,,0,,false,true,no_signal,0.10571839900194813,-0.015629109721943646
2025-05-13,2025-07-02,1.0,34,0.04690847311033863,2025-05-15,-0.1778316345076144,0.5448126694238922,1,-0.371495817562874,-0.38632171104603263,regime_shift,medium,,,0,,false,true,no_signal,0.060398496523785594,-0.013490023413446961
2025-07-02,2025-08-14,-1.0,30,0.07970239336927876,2025-08-14,0.20312537346846013,0.641025641025641,-1,-0.4371524157318992,0.10091651033560566,weak_positive,medium,,,0,,false,true,no_signal,0.039487381723756654,0.0402150116455221
2025-08-15,2025-10-13,-1.0,40,0.09851980047571285,2025-11-26,-0.19859758609599892,0.0,-1,0.1589762518702505,0.10983164538485388,regime_shift,low,,,0,,false,true,no_signal,0.03331816129382159,0.06520163918189126
2025-10-14,2025-10-15,-1.0,1,-0.0011384466837383034,2025-11-26,-0.19859758609599892,0.0,-1,0.1589762518702505,0.10983164538485388,regime_shift,low,,,0,,false,false,no_signal,0.004439541098594013,-0.0055779877823323165
2025-10-15,2025-10-22,1.0,5,0.03099495721220258,2025-11-26,-0.19859758609599892,0.0,-1,0.1589762518702505,0.10983164538485388,regime_shift,low,,,0,,false,true,no_signal,0.003953879413442163,0.027041077798760416
2025-10-23,2026-01-14,1.0,56,0.0946942806836486,2025-11-26,-0.19859758609599892,0.0,-1,0.1589762518702505,0.10983164538485388,regime_shift,low,,,0,,false,true,no_signal,0.03072512527691229,0.06396915540673631
2026-01-15,2026-02-04,1.0,13,0.10139024923519413,2026-02-20,-6.410849006409926,0.0,-1,0.06631680292277059,0.20104862376899735,weak_positive,low,,,0,,false,true,no_signal,-0.008739725930771991,0.11012997516596612
2026-02-05,2026-02-06,1.0,1,0.030721378542484024,2026-02-20,-6.410849006409926,0.0,-1,0.06631680292277059,0.20104862376899735,weak_positive,low,,,0,,false,true,no_signal,0.019184793975496328,0.011536584566987695
